1,AVAILABLE,101,1,Location 1
2,AVAILABLE,101,2,Location 2
3,AVAILABLE,101,3,Location 3
4,AVAILABLE,101,4,Location 4
5,AVAILABLE,101,5,Location 5
6,AVAILABLE,101,6,Location 6
7,AVAILABLE,101,7,Location 7
8,AVAILABLE,101,8,Location 8
9,AVAILABLE,101,9,Location 9
10,AVAILABLE,101,10,Location 10
11,AVAILABLE,101,11,Location 11
12,AVAILABLE,101,12,Location 12
13,AVAILABLE,101,13,Location 13
14,AVAILABLE,101,14,Location 14
15,AVAILABLE,101,15,Location 15
16,AVAILABLE,101,16,Location 16
17,AVAILABLE,101,17,Location 17
18,AVAILABLE,101,18,Location 18
19,AVAILABLE,101,19,Location 19
20,AVAILABLE,101,20,Location 20
21,AVAILABLE,101,21,Location 21
22,AVAILABLE,101,22,Location 22
23,AVAILABLE,101,23,Location 23
24,AVAILABLE,101,24,Location 24
25,AVAILABLE,101,25,Location 25
26,AVAILABLE,101,26,Location 26
27,AVAILABLE,101,27,Location 27
28,AVAILABLE,101,28,Location 28
29,AVAILABLE,101,29,Location 29
30,AVAILABLE,101,30,Location 30
31,AVAILABLE,101,31,Location 31
32,AVAILABLE,101,32,Location 32
33,AVAILABLE,101,33,Location 33
34,AVAILABLE,101,34,Location 34
35,AVAILABLE,101,35,Location 35
36,AVAILABLE,101,36,Location 36
37,AVAILABLE,101,37,Location 37
38,AVAILABLE,101,38,Location 38
39,AVAILABLE,101,39,Location 39
40,AVAILABLE,101,40,Location 40
41,AVAILABLE,101,41,Location 41
42,AVAILABLE,101,42,Location 42
43,AVAILABLE,101,43,Location 43
44,AVAILABLE,101,44,Location 44
45,AVAILABLE,101,45,Location 45
46,AVAILABLE,101,46,Location 46
47,AVAILABLE,101,47,Location 47
48,AVAILABLE,101,48,Location 48
49,AVAILABLE,101,49,Location 49
50,AVAILABLE,101,50,Location 50
51,AVAILABLE,101,51,Location 51
52,AVAILABLE,101,52,Location 52
53,AVAILABLE,101,53,Location 53
54,AVAILABLE,101,54,Location 54
55,AVAILABLE,101,55,Location 55
56,AVAILABLE,101,56,Location 56
57,AVAILABLE,101,57,Location 57
58,AVAILABLE,101,58,Location 58
59,AVAILABLE,101,59,Location 59
60,AVAILABLE,101,60,Location 60
61,AVAILABLE,101,61,Location 61
62,AVAILABLE,101,62,Location 62
63,AVAILABLE,101,63,Location 63
64,AVAILABLE,101,64,Location 64
65,AVAILABLE,101,65,Location 65
66,AVAILABLE,101,66,Location 66
67,AVAILABLE,101,67,Location 67
68,AVAILABLE,101,68,Location 68
69,AVAILABLE,101,69,Location 69
70,AVAILABLE,101,70,Location 70
71,AVAILABLE,101,71,Location 71
72,AVAILABLE,101,72,Location 72
73,AVAILABLE,101,73,Location 73
74,AVAILABLE,101,74,Location 74
75,AVAILABLE,101,75,Location 75
76,AVAILABLE,101,76,Location 76
77,AVAILABLE,101,77,Location 77
78,AVAILABLE,101,78,Location 78
79,AVAILABLE,101,79,Location 79
80,AVAILABLE,101,80,Location 80
81,AVAILABLE,101,81,Location 81
82,AVAILABLE,101,82,Location 82
83,AVAILABLE,101,83,Location 83
84,AVAILABLE,101,84,Location 84
85,AVAILABLE,101,85,Location 85
86,AVAILABLE,101,86,Location 86
87,AVAILABLE,101,87,Location 87
88,AVAILABLE,101,88,Location 88
89,AVAILABLE,101,89,Location 89
90,AVAILABLE,101,90,Location 90
91,AVAILABLE,101,91,Location 91
92,AVAILABLE,101,92,Location 92
93,AVAILABLE,101,93,Location 93
94,AVAILABLE,101,94,Location 94
95,AVAILABLE,101,95,Location 95
96,AVAILABLE,101,96,Location 96
97,AVAILABLE,101,97,Location 97
98,AVAILABLE,101,98,Location 98
99,AVAILABLE,101,99,Location 99
100,AVAILABLE,101,100,Location 100
1,AVAILABLE,139,1,Location 1
2,AVAILABLE,139,2,Location 2
3,AVAILABLE,139,3,Location 3
4,AVAILABLE,139,4,Location 4
5,AVAILABLE,139,5,Location 5
6,AVAILABLE,139,6,Location 6
7,AVAILABLE,139,7,Location 7
8,AVAILABLE,139,8,Location 8
9,AVAILABLE,139,9,Location 9
10,AVAILABLE,139,10,Location 10
11,AVAILABLE,139,11,Location 11
12,AVAILABLE,139,12,Location 12
13,AVAILABLE,139,13,Location 13
14,AVAILABLE,139,14,Location 14
15,AVAILABLE,139,15,Location 15
16,AVAILABLE,139,16,Location 16
17,AVAILABLE,139,17,Location 17
18,AVAILABLE,139,18,Location 18
19,AVAILABLE,139,19,Location 19
20,AVAILABLE,139,20,Location 20
21,AVAILABLE,139,21,Location 21
22,AVAILABLE,139,22,Location 22
23,AVAILABLE,139,23,Location 23
24,AVAILABLE,139,24,Location 24
25,AVAILABLE,139,25,Location 25
26,AVAILABLE,139,26,Location 26
27,AVAILABLE,139,27,Location 27
28,AVAILABLE,139,28,Location 28
29,AVAILABLE,139,29,Location 29
30,AVAILABLE,139,30,Location 30
31,AVAILABLE,139,31,Location 31
32,AVAILABLE,139,32,Location 32
33,AVAILABLE,139,33,Location 33
34,AVAILABLE,139,34,Location 34
35,AVAILABLE,139,35,Location 35
36,AVAILABLE,139,36,Location 36
37,AVAILABLE,139,37,Location 37
38,AVAILABLE,139,38,Location 38
39,AVAILABLE,139,39,Location 39
40,AVAILABLE,139,40,Location 40
41,AVAILABLE,139,41,Location 41
42,AVAILABLE,139,42,Location 42
43,AVAILABLE,139,43,Location 43
44,AVAILABLE,139,44,Location 44
45,AVAILABLE,139,45,Location 45
46,AVAILABLE,139,46,Location 46
47,AVAILABLE,139,47,Location 47
48,AVAILABLE,139,48,Location 48
49,AVAILABLE,139,49,Location 49
50,AVAILABLE,139,50,Location 50
51,AVAILABLE,139,51,Location 51
52,AVAILABLE,139,52,Location 52
53,AVAILABLE,139,53,Location 53
54,AVAILABLE,139,54,Location 54
55,AVAILABLE,139,55,Location 55
56,AVAILABLE,139,56,Location 56
57,AVAILABLE,139,57,Location 57
58,AVAILABLE,139,58,Location 58
59,AVAILABLE,139,59,Location 59
60,AVAILABLE,139,60,Location 60
61,AVAILABLE,139,61,Location 61
62,AVAILABLE,139,62,Location 62
63,AVAILABLE,139,63,Location 63
64,AVAILABLE,139,64,Location 64
65,AVAILABLE,139,65,Location 65
66,AVAILABLE,139,66,Location 66
67,AVAILABLE,139,67,Location 67
68,AVAILABLE,139,68,Location 68
69,AVAILABLE,139,69,Location 69
70,AVAILABLE,139,70,Location 70
71,AVAILABLE,139,71,Location 71
72,AVAILABLE,139,72,Location 72
73,AVAILABLE,139,73,Location 73
74,AVAILABLE,139,74,Location 74
75,AVAILABLE,139,75,Location 75
76,AVAILABLE,139,76,Location 76
77,AVAILABLE,139,77,Location 77
78,AVAILABLE,139,78,Location 78
79,AVAILABLE,139,79,Location 79
80,AVAILABLE,139,80,Location 80
81,AVAILABLE,139,81,Location 81
82,AVAILABLE,139,82,Location 82
83,AVAILABLE,139,83,Location 83
84,AVAILABLE,139,84,Location 84
85,AVAILABLE,139,85,Location 85
86,AVAILABLE,139,86,Location 86
87,AVAILABLE,139,87,Location 87
88,AVAILABLE,139,88,Location 88
89,AVAILABLE,139,89,Location 89
90,AVAILABLE,139,90,Location 90
91,AVAILABLE,139,91,Location 91
92,AVAILABLE,139,92,Location 92
93,AVAILABLE,139,93,Location 93
94,AVAILABLE,139,94,Location 94
95,AVAILABLE,139,95,Location 95
96,AVAILABLE,139,96,Location 96
97,AVAILABLE,139,97,Location 97
98,AVAILABLE,139,98,Location 98
99,AVAILABLE,139,99,Location 99
100,AVAILABLE,139,100,Location 100
1,AVAILABLE,140,1,Location 1
2,AVAILABLE,140,2,Location 2
3,AVAILABLE,140,3,Location 3
4,AVAILABLE,140,4,Location 4
5,AVAILABLE,140,5,Location 5
6,AVAILABLE,140,6,Location 6
7,AVAILABLE,140,7,Location 7
8,AVAILABLE,140,8,Location 8
9,AVAILABLE,140,9,Location 9
10,AVAILABLE,140,10,Location 10
11,AVAILABLE,140,11,Location 11
12,AVAILABLE,140,12,Location 12
13,AVAILABLE,140,13,Location 13
14,AVAILABLE,140,14,Location 14
15,AVAILABLE,140,15,Location 15
16,AVAILABLE,140,16,Location 16
17,AVAILABLE,140,17,Location 17
18,AVAILABLE,140,18,Location 18
19,AVAILABLE,140,19,Location 19
20,AVAILABLE,140,20,Location 20
21,AVAILABLE,140,21,Location 21
22,AVAILABLE,140,22,Location 22
23,AVAILABLE,140,23,Location 23
24,AVAILABLE,140,24,Location 24
25,AVAILABLE,140,25,Location 25
26,AVAILABLE,140,26,Location 26
27,AVAILABLE,140,27,Location 27
28,AVAILABLE,140,28,Location 28
29,AVAILABLE,140,29,Location 29
30,AVAILABLE,140,30,Location 30
31,AVAILABLE,140,31,Location 31
32,AVAILABLE,140,32,Location 32
33,AVAILABLE,140,33,Location 33
34,AVAILABLE,140,34,Location 34
35,AVAILABLE,140,35,Location 35
36,AVAILABLE,140,36,Location 36
37,AVAILABLE,140,37,Location 37
38,AVAILABLE,140,38,Location 38
39,AVAILABLE,140,39,Location 39
40,AVAILABLE,140,40,Location 40
41,AVAILABLE,140,41,Location 41
42,AVAILABLE,140,42,Location 42
43,AVAILABLE,140,43,Location 43
44,AVAILABLE,140,44,Location 44
45,AVAILABLE,140,45,Location 45
46,AVAILABLE,140,46,Location 46
47,AVAILABLE,140,47,Location 47
48,AVAILABLE,140,48,Location 48
49,AVAILABLE,140,49,Location 49
50,AVAILABLE,140,50,Location 50
51,AVAILABLE,140,51,Location 51
52,AVAILABLE,140,52,Location 52
53,AVAILABLE,140,53,Location 53
54,AVAILABLE,140,54,Location 54
55,AVAILABLE,140,55,Location 55
56,AVAILABLE,140,56,Location 56
57,AVAILABLE,140,57,Location 57
58,AVAILABLE,140,58,Location 58
59,AVAILABLE,140,59,Location 59
60,AVAILABLE,140,60,Location 60
61,AVAILABLE,140,61,Location 61
62,AVAILABLE,140,62,Location 62
63,AVAILABLE,140,63,Location 63
64,AVAILABLE,140,64,Location 64
65,AVAILABLE,140,65,Location 65
66,AVAILABLE,140,66,Location 66
67,AVAILABLE,140,67,Location 67
68,AVAILABLE,140,68,Location 68
69,AVAILABLE,140,69,Location 69
70,AVAILABLE,140,70,Location 70
71,AVAILABLE,140,71,Location 71
72,AVAILABLE,140,72,Location 72
73,AVAILABLE,140,73,Location 73
74,AVAILABLE,140,74,Location 74
75,AVAILABLE,140,75,Location 75
76,AVAILABLE,140,76,Location 76
77,AVAILABLE,140,77,Location 77
78,AVAILABLE,140,78,Location 78
79,AVAILABLE,140,79,Location 79
80,AVAILABLE,140,80,Location 80
81,AVAILABLE,140,81,Location 81
82,AVAILABLE,140,82,Location 82
83,AVAILABLE,140,83,Location 83
84,AVAILABLE,140,84,Location 84
85,AVAILABLE,140,85,Location 85
86,AVAILABLE,140,86,Location 86
87,AVAILABLE,140,87,Location 87
88,AVAILABLE,140,88,Location 88
89,AVAILABLE,140,89,Location 89
90,AVAILABLE,140,90,Location 90
91,AVAILABLE,140,91,Location 91
92,AVAILABLE,140,92,Location 92
93,AVAILABLE,140,93,Location 93
94,AVAILABLE,140,94,Location 94
95,AVAILABLE,140,95,Location 95
96,AVAILABLE,140,96,Location 96
97,AVAILABLE,140,97,Location 97
98,AVAILABLE,140,98,Location 98
99,AVAILABLE,140,99,Location 99
100,AVAILABLE,140,100,Location 100
1,AVAILABLE,141,1,Location 1
2,AVAILABLE,141,2,Location 2
3,AVAILABLE,141,3,Location 3
4,AVAILABLE,141,4,Location 4
5,AVAILABLE,141,5,Location 5
6,AVAILABLE,141,6,Location 6
7,AVAILABLE,141,7,Location 7
8,AVAILABLE,141,8,Location 8
9,AVAILABLE,141,9,Location 9
10,AVAILABLE,141,10,Location 10
11,AVAILABLE,141,11,Location 11
12,AVAILABLE,141,12,Location 12
13,AVAILABLE,141,13,Location 13
14,AVAILABLE,141,14,Location 14
15,AVAILABLE,141,15,Location 15
16,AVAILABLE,141,16,Location 16
17,AVAILABLE,141,17,Location 17
18,AVAILABLE,141,18,Location 18
19,AVAILABLE,141,19,Location 19
20,AVAILABLE,141,20,Location 20
21,AVAILABLE,141,21,Location 21
22,AVAILABLE,141,22,Location 22
23,AVAILABLE,141,23,Location 23
24,AVAILABLE,141,24,Location 24
25,AVAILABLE,141,25,Location 25
26,AVAILABLE,141,26,Location 26
27,AVAILABLE,141,27,Location 27
28,AVAILABLE,141,28,Location 28
29,AVAILABLE,141,29,Location 29
30,AVAILABLE,141,30,Location 30
31,AVAILABLE,141,31,Location 31
32,AVAILABLE,141,32,Location 32
33,AVAILABLE,141,33,Location 33
34,AVAILABLE,141,34,Location 34
35,AVAILABLE,141,35,Location 35
36,AVAILABLE,141,36,Location 36
37,AVAILABLE,141,37,Location 37
38,AVAILABLE,141,38,Location 38
39,AVAILABLE,141,39,Location 39
40,AVAILABLE,141,40,Location 40
41,AVAILABLE,141,41,Location 41
42,AVAILABLE,141,42,Location 42
43,AVAILABLE,141,43,Location 43
44,AVAILABLE,141,44,Location 44
45,AVAILABLE,141,45,Location 45
46,AVAILABLE,141,46,Location 46
47,AVAILABLE,141,47,Location 47
48,AVAILABLE,141,48,Location 48
49,AVAILABLE,141,49,Location 49
50,AVAILABLE,141,50,Location 50
51,AVAILABLE,141,51,Location 51
52,AVAILABLE,141,52,Location 52
53,AVAILABLE,141,53,Location 53
54,AVAILABLE,141,54,Location 54
55,AVAILABLE,141,55,Location 55
56,AVAILABLE,141,56,Location 56
57,AVAILABLE,141,57,Location 57
58,AVAILABLE,141,58,Location 58
59,AVAILABLE,141,59,Location 59
60,AVAILABLE,141,60,Location 60
61,AVAILABLE,141,61,Location 61
62,AVAILABLE,141,62,Location 62
63,AVAILABLE,141,63,Location 63
64,AVAILABLE,141,64,Location 64
65,AVAILABLE,141,65,Location 65
66,AVAILABLE,141,66,Location 66
67,AVAILABLE,141,67,Location 67
68,AVAILABLE,141,68,Location 68
69,AVAILABLE,141,69,Location 69
70,AVAILABLE,141,70,Location 70
71,AVAILABLE,141,71,Location 71
72,AVAILABLE,141,72,Location 72
73,AVAILABLE,141,73,Location 73
74,AVAILABLE,141,74,Location 74
75,AVAILABLE,141,75,Location 75
76,AVAILABLE,141,76,Location 76
77,AVAILABLE,141,77,Location 77
78,AVAILABLE,141,78,Location 78
79,AVAILABLE,141,79,Location 79
80,AVAILABLE,141,80,Location 80
81,AVAILABLE,141,81,Location 81
82,AVAILABLE,141,82,Location 82
83,AVAILABLE,141,83,Location 83
84,AVAILABLE,141,84,Location 84
85,AVAILABLE,141,85,Location 85
86,AVAILABLE,141,86,Location 86
87,AVAILABLE,141,87,Location 87
88,AVAILABLE,141,88,Location 88
89,AVAILABLE,141,89,Location 89
90,AVAILABLE,141,90,Location 90
91,AVAILABLE,141,91,Location 91
92,AVAILABLE,141,92,Location 92
93,AVAILABLE,141,93,Location 93
94,AVAILABLE,141,94,Location 94
95,AVAILABLE,141,95,Location 95
96,AVAILABLE,141,96,Location 96
97,AVAILABLE,141,97,Location 97
98,AVAILABLE,141,98,Location 98
99,AVAILABLE,141,99,Location 99
100,AVAILABLE,141,100,Location 100
1,AVAILABLE,146,1,Location 1
2,AVAILABLE,146,2,Location 2
3,AVAILABLE,146,3,Location 3
4,AVAILABLE,146,4,Location 4
5,AVAILABLE,146,5,Location 5
6,AVAILABLE,146,6,Location 6
7,AVAILABLE,146,7,Location 7
8,AVAILABLE,146,8,Location 8
9,AVAILABLE,146,9,Location 9
10,AVAILABLE,146,10,Location 10
11,AVAILABLE,146,11,Location 11
12,AVAILABLE,146,12,Location 12
13,AVAILABLE,146,13,Location 13
14,AVAILABLE,146,14,Location 14
15,AVAILABLE,146,15,Location 15
16,AVAILABLE,146,16,Location 16
17,AVAILABLE,146,17,Location 17
18,AVAILABLE,146,18,Location 18
19,AVAILABLE,146,19,Location 19
20,AVAILABLE,146,20,Location 20
21,AVAILABLE,146,21,Location 21
22,AVAILABLE,146,22,Location 22
23,AVAILABLE,146,23,Location 23
24,AVAILABLE,146,24,Location 24
25,AVAILABLE,146,25,Location 25
26,AVAILABLE,146,26,Location 26
27,AVAILABLE,146,27,Location 27
28,AVAILABLE,146,28,Location 28
29,AVAILABLE,146,29,Location 29
30,AVAILABLE,146,30,Location 30
31,AVAILABLE,146,31,Location 31
32,AVAILABLE,146,32,Location 32
33,AVAILABLE,146,33,Location 33
34,AVAILABLE,146,34,Location 34
35,AVAILABLE,146,35,Location 35
36,AVAILABLE,146,36,Location 36
37,AVAILABLE,146,37,Location 37
38,AVAILABLE,146,38,Location 38
39,AVAILABLE,146,39,Location 39
40,AVAILABLE,146,40,Location 40
41,AVAILABLE,146,41,Location 41
42,AVAILABLE,146,42,Location 42
43,AVAILABLE,146,43,Location 43
44,AVAILABLE,146,44,Location 44
45,AVAILABLE,146,45,Location 45
46,AVAILABLE,146,46,Location 46
47,AVAILABLE,146,47,Location 47
48,AVAILABLE,146,48,Location 48
49,AVAILABLE,146,49,Location 49
50,AVAILABLE,146,50,Location 50
51,AVAILABLE,146,51,Location 51
52,AVAILABLE,146,52,Location 52
53,AVAILABLE,146,53,Location 53
54,AVAILABLE,146,54,Location 54
55,AVAILABLE,146,55,Location 55
56,AVAILABLE,146,56,Location 56
57,AVAILABLE,146,57,Location 57
58,AVAILABLE,146,58,Location 58
59,AVAILABLE,146,59,Location 59
60,AVAILABLE,146,60,Location 60
61,AVAILABLE,146,61,Location 61
62,AVAILABLE,146,62,Location 62
63,AVAILABLE,146,63,Location 63
64,AVAILABLE,146,64,Location 64
65,AVAILABLE,146,65,Location 65
66,AVAILABLE,146,66,Location 66
67,AVAILABLE,146,67,Location 67
68,AVAILABLE,146,68,Location 68
69,AVAILABLE,146,69,Location 69
70,AVAILABLE,146,70,Location 70
71,AVAILABLE,146,71,Location 71
72,AVAILABLE,146,72,Location 72
73,AVAILABLE,146,73,Location 73
74,AVAILABLE,146,74,Location 74
75,AVAILABLE,146,75,Location 75
76,AVAILABLE,146,76,Location 76
77,AVAILABLE,146,77,Location 77
78,AVAILABLE,146,78,Location 78
79,AVAILABLE,146,79,Location 79
80,AVAILABLE,146,80,Location 80
81,AVAILABLE,146,81,Location 81
82,AVAILABLE,146,82,Location 82
83,AVAILABLE,146,83,Location 83
84,AVAILABLE,146,84,Location 84
85,AVAILABLE,146,85,Location 85
86,AVAILABLE,146,86,Location 86
87,AVAILABLE,146,87,Location 87
88,AVAILABLE,146,88,Location 88
89,AVAILABLE,146,89,Location 89
90,AVAILABLE,146,90,Location 90
91,AVAILABLE,146,91,Location 91
92,AVAILABLE,146,92,Location 92
93,AVAILABLE,146,93,Location 93
94,AVAILABLE,146,94,Location 94
95,AVAILABLE,146,95,Location 95
96,AVAILABLE,146,96,Location 96
97,AVAILABLE,146,97,Location 97
98,AVAILABLE,146,98,Location 98
99,AVAILABLE,146,99,Location 99
100,AVAILABLE,146,100,Location 100
1,AVAILABLE,173,1,Location 1
2,AVAILABLE,173,2,Location 2
3,AVAILABLE,173,3,Location 3
4,AVAILABLE,173,4,Location 4
5,AVAILABLE,173,5,Location 5
6,AVAILABLE,173,6,Location 6
7,AVAILABLE,173,7,Location 7
8,AVAILABLE,173,8,Location 8
9,AVAILABLE,173,9,Location 9
10,AVAILABLE,173,10,Location 10
11,AVAILABLE,173,11,Location 11
12,AVAILABLE,173,12,Location 12
13,AVAILABLE,173,13,Location 13
14,AVAILABLE,173,14,Location 14
15,AVAILABLE,173,15,Location 15
16,AVAILABLE,173,16,Location 16
17,AVAILABLE,173,17,Location 17
18,AVAILABLE,173,18,Location 18
19,AVAILABLE,173,19,Location 19
20,AVAILABLE,173,20,Location 20
21,AVAILABLE,173,21,Location 21
22,AVAILABLE,173,22,Location 22
23,AVAILABLE,173,23,Location 23
24,AVAILABLE,173,24,Location 24
25,AVAILABLE,173,25,Location 25
26,AVAILABLE,173,26,Location 26
27,AVAILABLE,173,27,Location 27
28,AVAILABLE,173,28,Location 28
29,AVAILABLE,173,29,Location 29
30,AVAILABLE,173,30,Location 30
31,AVAILABLE,173,31,Location 31
32,AVAILABLE,173,32,Location 32
33,AVAILABLE,173,33,Location 33
34,AVAILABLE,173,34,Location 34
35,AVAILABLE,173,35,Location 35
36,AVAILABLE,173,36,Location 36
37,AVAILABLE,173,37,Location 37
38,AVAILABLE,173,38,Location 38
39,AVAILABLE,173,39,Location 39
40,AVAILABLE,173,40,Location 40
41,AVAILABLE,173,41,Location 41
42,AVAILABLE,173,42,Location 42
43,AVAILABLE,173,43,Location 43
44,AVAILABLE,173,44,Location 44
45,AVAILABLE,173,45,Location 45
46,AVAILABLE,173,46,Location 46
47,AVAILABLE,173,47,Location 47
48,AVAILABLE,173,48,Location 48
49,AVAILABLE,173,49,Location 49
50,AVAILABLE,173,50,Location 50
51,AVAILABLE,173,51,Location 51
52,AVAILABLE,173,52,Location 52
53,AVAILABLE,173,53,Location 53
54,AVAILABLE,173,54,Location 54
55,AVAILABLE,173,55,Location 55
56,AVAILABLE,173,56,Location 56
57,AVAILABLE,173,57,Location 57
58,AVAILABLE,173,58,Location 58
59,AVAILABLE,173,59,Location 59
60,AVAILABLE,173,60,Location 60
61,AVAILABLE,173,61,Location 61
62,AVAILABLE,173,62,Location 62
63,AVAILABLE,173,63,Location 63
64,AVAILABLE,173,64,Location 64
65,AVAILABLE,173,65,Location 65
66,AVAILABLE,173,66,Location 66
67,AVAILABLE,173,67,Location 67
68,AVAILABLE,173,68,Location 68
69,AVAILABLE,173,69,Location 69
70,AVAILABLE,173,70,Location 70
71,AVAILABLE,173,71,Location 71
72,AVAILABLE,173,72,Location 72
73,AVAILABLE,173,73,Location 73
74,AVAILABLE,173,74,Location 74
75,AVAILABLE,173,75,Location 75
76,AVAILABLE,173,76,Location 76
77,AVAILABLE,173,77,Location 77
78,AVAILABLE,173,78,Location 78
79,AVAILABLE,173,79,Location 79
80,AVAILABLE,173,80,Location 80
81,AVAILABLE,173,81,Location 81
82,AVAILABLE,173,82,Location 82
83,AVAILABLE,173,83,Location 83
84,AVAILABLE,173,84,Location 84
85,AVAILABLE,173,85,Location 85
86,AVAILABLE,173,86,Location 86
87,AVAILABLE,173,87,Location 87
88,AVAILABLE,173,88,Location 88
89,AVAILABLE,173,89,Location 89
90,AVAILABLE,173,90,Location 90
91,AVAILABLE,173,91,Location 91
92,AVAILABLE,173,92,Location 92
93,AVAILABLE,173,93,Location 93
94,AVAILABLE,173,94,Location 94
95,AVAILABLE,173,95,Location 95
96,AVAILABLE,173,96,Location 96
97,AVAILABLE,173,97,Location 97
98,AVAILABLE,173,98,Location 98
99,AVAILABLE,173,99,Location 99
100,AVAILABLE,173,100,Location 100
1,AVAILABLE,181,1,Location 1
2,AVAILABLE,181,2,Location 2
3,AVAILABLE,181,3,Location 3
4,AVAILABLE,181,4,Location 4
5,AVAILABLE,181,5,Location 5
6,AVAILABLE,181,6,Location 6
7,AVAILABLE,181,7,Location 7
8,AVAILABLE,181,8,Location 8
9,AVAILABLE,181,9,Location 9
10,AVAILABLE,181,10,Location 10
11,AVAILABLE,181,11,Location 11
12,AVAILABLE,181,12,Location 12
13,AVAILABLE,181,13,Location 13
14,AVAILABLE,181,14,Location 14
15,AVAILABLE,181,15,Location 15
16,AVAILABLE,181,16,Location 16
17,AVAILABLE,181,17,Location 17
18,AVAILABLE,181,18,Location 18
19,AVAILABLE,181,19,Location 19
20,AVAILABLE,181,20,Location 20
21,AVAILABLE,181,21,Location 21
22,AVAILABLE,181,22,Location 22
23,AVAILABLE,181,23,Location 23
24,AVAILABLE,181,24,Location 24
25,AVAILABLE,181,25,Location 25
26,AVAILABLE,181,26,Location 26
27,AVAILABLE,181,27,Location 27
28,AVAILABLE,181,28,Location 28
29,AVAILABLE,181,29,Location 29
30,AVAILABLE,181,30,Location 30
31,AVAILABLE,181,31,Location 31
32,AVAILABLE,181,32,Location 32
33,AVAILABLE,181,33,Location 33
34,AVAILABLE,181,34,Location 34
35,AVAILABLE,181,35,Location 35
36,AVAILABLE,181,36,Location 36
37,AVAILABLE,181,37,Location 37
38,AVAILABLE,181,38,Location 38
39,AVAILABLE,181,39,Location 39
40,AVAILABLE,181,40,Location 40
41,AVAILABLE,181,41,Location 41
42,AVAILABLE,181,42,Location 42
43,AVAILABLE,181,43,Location 43
44,AVAILABLE,181,44,Location 44
45,AVAILABLE,181,45,Location 45
46,AVAILABLE,181,46,Location 46
47,AVAILABLE,181,47,Location 47
48,AVAILABLE,181,48,Location 48
49,AVAILABLE,181,49,Location 49
50,AVAILABLE,181,50,Location 50
51,AVAILABLE,181,51,Location 51
52,AVAILABLE,181,52,Location 52
53,AVAILABLE,181,53,Location 53
54,AVAILABLE,181,54,Location 54
55,AVAILABLE,181,55,Location 55
56,AVAILABLE,181,56,Location 56
57,AVAILABLE,181,57,Location 57
58,AVAILABLE,181,58,Location 58
59,AVAILABLE,181,59,Location 59
60,AVAILABLE,181,60,Location 60
61,AVAILABLE,181,61,Location 61
62,AVAILABLE,181,62,Location 62
63,AVAILABLE,181,63,Location 63
64,AVAILABLE,181,64,Location 64
65,AVAILABLE,181,65,Location 65
66,AVAILABLE,181,66,Location 66
67,AVAILABLE,181,67,Location 67
68,AVAILABLE,181,68,Location 68
69,AVAILABLE,181,69,Location 69
70,AVAILABLE,181,70,Location 70
71,AVAILABLE,181,71,Location 71
72,AVAILABLE,181,72,Location 72
73,AVAILABLE,181,73,Location 73
74,AVAILABLE,181,74,Location 74
75,AVAILABLE,181,75,Location 75
76,AVAILABLE,181,76,Location 76
77,AVAILABLE,181,77,Location 77
78,AVAILABLE,181,78,Location 78
79,AVAILABLE,181,79,Location 79
80,AVAILABLE,181,80,Location 80
81,AVAILABLE,181,81,Location 81
82,AVAILABLE,181,82,Location 82
83,AVAILABLE,181,83,Location 83
84,AVAILABLE,181,84,Location 84
85,AVAILABLE,181,85,Location 85
86,AVAILABLE,181,86,Location 86
87,AVAILABLE,181,87,Location 87
88,AVAILABLE,181,88,Location 88
89,AVAILABLE,181,89,Location 89
90,AVAILABLE,181,90,Location 90
91,AVAILABLE,181,91,Location 91
92,AVAILABLE,181,92,Location 92
93,AVAILABLE,181,93,Location 93
94,AVAILABLE,181,94,Location 94
95,AVAILABLE,181,95,Location 95
96,AVAILABLE,181,96,Location 96
97,AVAILABLE,181,97,Location 97
98,AVAILABLE,181,98,Location 98
99,AVAILABLE,181,99,Location 99
100,AVAILABLE,181,100,Location 100
1,AVAILABLE,186,1,Location 1
2,AVAILABLE,186,2,Location 2
3,AVAILABLE,186,3,Location 3
4,AVAILABLE,186,4,Location 4
5,AVAILABLE,186,5,Location 5
6,AVAILABLE,186,6,Location 6
7,AVAILABLE,186,7,Location 7
8,AVAILABLE,186,8,Location 8
9,AVAILABLE,186,9,Location 9
10,AVAILABLE,186,10,Location 10
11,AVAILABLE,186,11,Location 11
12,AVAILABLE,186,12,Location 12
13,AVAILABLE,186,13,Location 13
14,AVAILABLE,186,14,Location 14
15,AVAILABLE,186,15,Location 15
16,AVAILABLE,186,16,Location 16
17,AVAILABLE,186,17,Location 17
18,AVAILABLE,186,18,Location 18
19,AVAILABLE,186,19,Location 19
20,AVAILABLE,186,20,Location 20
21,AVAILABLE,186,21,Location 21
22,AVAILABLE,186,22,Location 22
23,AVAILABLE,186,23,Location 23
24,AVAILABLE,186,24,Location 24
25,AVAILABLE,186,25,Location 25
26,AVAILABLE,186,26,Location 26
27,AVAILABLE,186,27,Location 27
28,AVAILABLE,186,28,Location 28
29,AVAILABLE,186,29,Location 29
30,AVAILABLE,186,30,Location 30
31,AVAILABLE,186,31,Location 31
32,AVAILABLE,186,32,Location 32
33,AVAILABLE,186,33,Location 33
34,AVAILABLE,186,34,Location 34
35,AVAILABLE,186,35,Location 35
36,AVAILABLE,186,36,Location 36
37,AVAILABLE,186,37,Location 37
38,AVAILABLE,186,38,Location 38
39,AVAILABLE,186,39,Location 39
40,AVAILABLE,186,40,Location 40
41,AVAILABLE,186,41,Location 41
42,AVAILABLE,186,42,Location 42
43,AVAILABLE,186,43,Location 43
44,AVAILABLE,186,44,Location 44
45,AVAILABLE,186,45,Location 45
46,AVAILABLE,186,46,Location 46
47,AVAILABLE,186,47,Location 47
48,AVAILABLE,186,48,Location 48
49,AVAILABLE,186,49,Location 49
50,AVAILABLE,186,50,Location 50
51,AVAILABLE,186,51,Location 51
52,AVAILABLE,186,52,Location 52
53,AVAILABLE,186,53,Location 53
54,AVAILABLE,186,54,Location 54
55,AVAILABLE,186,55,Location 55
56,AVAILABLE,186,56,Location 56
57,AVAILABLE,186,57,Location 57
58,AVAILABLE,186,58,Location 58
59,AVAILABLE,186,59,Location 59
60,AVAILABLE,186,60,Location 60
61,AVAILABLE,186,61,Location 61
62,AVAILABLE,186,62,Location 62
63,AVAILABLE,186,63,Location 63
64,AVAILABLE,186,64,Location 64
65,AVAILABLE,186,65,Location 65
66,AVAILABLE,186,66,Location 66
67,AVAILABLE,186,67,Location 67
68,AVAILABLE,186,68,Location 68
69,AVAILABLE,186,69,Location 69
70,AVAILABLE,186,70,Location 70
71,AVAILABLE,186,71,Location 71
72,AVAILABLE,186,72,Location 72
73,AVAILABLE,186,73,Location 73
74,AVAILABLE,186,74,Location 74
75,AVAILABLE,186,75,Location 75
76,AVAILABLE,186,76,Location 76
77,AVAILABLE,186,77,Location 77
78,AVAILABLE,186,78,Location 78
79,AVAILABLE,186,79,Location 79
80,AVAILABLE,186,80,Location 80
81,AVAILABLE,186,81,Location 81
82,AVAILABLE,186,82,Location 82
83,AVAILABLE,186,83,Location 83
84,AVAILABLE,186,84,Location 84
85,AVAILABLE,186,85,Location 85
86,AVAILABLE,186,86,Location 86
87,AVAILABLE,186,87,Location 87
88,AVAILABLE,186,88,Location 88
89,AVAILABLE,186,89,Location 89
90,AVAILABLE,186,90,Location 90
91,AVAILABLE,186,91,Location 91
92,AVAILABLE,186,92,Location 92
93,AVAILABLE,186,93,Location 93
94,AVAILABLE,186,94,Location 94
95,AVAILABLE,186,95,Location 95
96,AVAILABLE,186,96,Location 96
97,AVAILABLE,186,97,Location 97
98,AVAILABLE,186,98,Location 98
99,AVAILABLE,186,99,Location 99
100,AVAILABLE,186,100,Location 100
1,AVAILABLE,194,1,Location 1
2,AVAILABLE,194,2,Location 2
3,AVAILABLE,194,3,Location 3
4,AVAILABLE,194,4,Location 4
5,AVAILABLE,194,5,Location 5
6,AVAILABLE,194,6,Location 6
7,AVAILABLE,194,7,Location 7
8,AVAILABLE,194,8,Location 8
9,AVAILABLE,194,9,Location 9
10,AVAILABLE,194,10,Location 10
11,AVAILABLE,194,11,Location 11
12,AVAILABLE,194,12,Location 12
13,AVAILABLE,194,13,Location 13
14,AVAILABLE,194,14,Location 14
15,AVAILABLE,194,15,Location 15
16,AVAILABLE,194,16,Location 16
17,AVAILABLE,194,17,Location 17
18,AVAILABLE,194,18,Location 18
19,AVAILABLE,194,19,Location 19
20,AVAILABLE,194,20,Location 20
21,AVAILABLE,194,21,Location 21
22,AVAILABLE,194,22,Location 22
23,AVAILABLE,194,23,Location 23
24,AVAILABLE,194,24,Location 24
25,AVAILABLE,194,25,Location 25
26,AVAILABLE,194,26,Location 26
27,AVAILABLE,194,27,Location 27
28,AVAILABLE,194,28,Location 28
29,AVAILABLE,194,29,Location 29
30,AVAILABLE,194,30,Location 30
31,AVAILABLE,194,31,Location 31
32,AVAILABLE,194,32,Location 32
33,AVAILABLE,194,33,Location 33
34,AVAILABLE,194,34,Location 34
35,AVAILABLE,194,35,Location 35
36,AVAILABLE,194,36,Location 36
37,AVAILABLE,194,37,Location 37
38,AVAILABLE,194,38,Location 38
39,AVAILABLE,194,39,Location 39
40,AVAILABLE,194,40,Location 40
41,AVAILABLE,194,41,Location 41
42,AVAILABLE,194,42,Location 42
43,AVAILABLE,194,43,Location 43
44,AVAILABLE,194,44,Location 44
45,AVAILABLE,194,45,Location 45
46,AVAILABLE,194,46,Location 46
47,AVAILABLE,194,47,Location 47
48,AVAILABLE,194,48,Location 48
49,AVAILABLE,194,49,Location 49
50,AVAILABLE,194,50,Location 50
51,AVAILABLE,194,51,Location 51
52,AVAILABLE,194,52,Location 52
53,AVAILABLE,194,53,Location 53
54,AVAILABLE,194,54,Location 54
55,AVAILABLE,194,55,Location 55
56,AVAILABLE,194,56,Location 56
57,AVAILABLE,194,57,Location 57
58,AVAILABLE,194,58,Location 58
59,AVAILABLE,194,59,Location 59
60,AVAILABLE,194,60,Location 60
61,AVAILABLE,194,61,Location 61
62,AVAILABLE,194,62,Location 62
63,AVAILABLE,194,63,Location 63
64,AVAILABLE,194,64,Location 64
65,AVAILABLE,194,65,Location 65
66,AVAILABLE,194,66,Location 66
67,AVAILABLE,194,67,Location 67
68,AVAILABLE,194,68,Location 68
69,AVAILABLE,194,69,Location 69
70,AVAILABLE,194,70,Location 70
71,AVAILABLE,194,71,Location 71
72,AVAILABLE,194,72,Location 72
73,AVAILABLE,194,73,Location 73
74,AVAILABLE,194,74,Location 74
75,AVAILABLE,194,75,Location 75
76,AVAILABLE,194,76,Location 76
77,AVAILABLE,194,77,Location 77
78,AVAILABLE,194,78,Location 78
79,AVAILABLE,194,79,Location 79
80,AVAILABLE,194,80,Location 80
81,AVAILABLE,194,81,Location 81
82,AVAILABLE,194,82,Location 82
83,AVAILABLE,194,83,Location 83
84,AVAILABLE,194,84,Location 84
85,AVAILABLE,194,85,Location 85
86,AVAILABLE,194,86,Location 86
87,AVAILABLE,194,87,Location 87
88,AVAILABLE,194,88,Location 88
89,AVAILABLE,194,89,Location 89
90,AVAILABLE,194,90,Location 90
91,AVAILABLE,194,91,Location 91
92,AVAILABLE,194,92,Location 92
93,AVAILABLE,194,93,Location 93
94,AVAILABLE,194,94,Location 94
95,AVAILABLE,194,95,Location 95
96,AVAILABLE,194,96,Location 96
97,AVAILABLE,194,97,Location 97
98,AVAILABLE,194,98,Location 98
99,AVAILABLE,194,99,Location 99
100,AVAILABLE,194,100,Location 100
1,AVAILABLE,224,1,Location 1
2,AVAILABLE,224,2,Location 2
3,AVAILABLE,224,3,Location 3
4,AVAILABLE,224,4,Location 4
5,AVAILABLE,224,5,Location 5
6,AVAILABLE,224,6,Location 6
7,AVAILABLE,224,7,Location 7
8,AVAILABLE,224,8,Location 8
9,AVAILABLE,224,9,Location 9
10,AVAILABLE,224,10,Location 10
11,AVAILABLE,224,11,Location 11
12,AVAILABLE,224,12,Location 12
13,AVAILABLE,224,13,Location 13
14,AVAILABLE,224,14,Location 14
15,AVAILABLE,224,15,Location 15
16,AVAILABLE,224,16,Location 16
17,AVAILABLE,224,17,Location 17
18,AVAILABLE,224,18,Location 18
19,AVAILABLE,224,19,Location 19
20,AVAILABLE,224,20,Location 20
21,AVAILABLE,224,21,Location 21
22,AVAILABLE,224,22,Location 22
23,AVAILABLE,224,23,Location 23
24,AVAILABLE,224,24,Location 24
25,AVAILABLE,224,25,Location 25
26,AVAILABLE,224,26,Location 26
27,AVAILABLE,224,27,Location 27
28,AVAILABLE,224,28,Location 28
29,AVAILABLE,224,29,Location 29
30,AVAILABLE,224,30,Location 30
31,AVAILABLE,224,31,Location 31
32,AVAILABLE,224,32,Location 32
33,AVAILABLE,224,33,Location 33
34,AVAILABLE,224,34,Location 34
35,AVAILABLE,224,35,Location 35
36,AVAILABLE,224,36,Location 36
37,AVAILABLE,224,37,Location 37
38,AVAILABLE,224,38,Location 38
39,AVAILABLE,224,39,Location 39
40,AVAILABLE,224,40,Location 40
41,AVAILABLE,224,41,Location 41
42,AVAILABLE,224,42,Location 42
43,AVAILABLE,224,43,Location 43
44,AVAILABLE,224,44,Location 44
45,AVAILABLE,224,45,Location 45
46,AVAILABLE,224,46,Location 46
47,AVAILABLE,224,47,Location 47
48,AVAILABLE,224,48,Location 48
49,AVAILABLE,224,49,Location 49
50,AVAILABLE,224,50,Location 50
51,AVAILABLE,224,51,Location 51
52,AVAILABLE,224,52,Location 52
53,AVAILABLE,224,53,Location 53
54,AVAILABLE,224,54,Location 54
55,AVAILABLE,224,55,Location 55
56,AVAILABLE,224,56,Location 56
57,AVAILABLE,224,57,Location 57
58,AVAILABLE,224,58,Location 58
59,AVAILABLE,224,59,Location 59
60,AVAILABLE,224,60,Location 60
61,AVAILABLE,224,61,Location 61
62,AVAILABLE,224,62,Location 62
63,AVAILABLE,224,63,Location 63
64,AVAILABLE,224,64,Location 64
65,AVAILABLE,224,65,Location 65
66,AVAILABLE,224,66,Location 66
67,AVAILABLE,224,67,Location 67
68,AVAILABLE,224,68,Location 68
69,AVAILABLE,224,69,Location 69
70,AVAILABLE,224,70,Location 70
71,AVAILABLE,224,71,Location 71
72,AVAILABLE,224,72,Location 72
73,AVAILABLE,224,73,Location 73
74,AVAILABLE,224,74,Location 74
75,AVAILABLE,224,75,Location 75
76,AVAILABLE,224,76,Location 76
77,AVAILABLE,224,77,Location 77
78,AVAILABLE,224,78,Location 78
79,AVAILABLE,224,79,Location 79
80,AVAILABLE,224,80,Location 80
81,AVAILABLE,224,81,Location 81
82,AVAILABLE,224,82,Location 82
83,AVAILABLE,224,83,Location 83
84,AVAILABLE,224,84,Location 84
85,AVAILABLE,224,85,Location 85
86,AVAILABLE,224,86,Location 86
87,AVAILABLE,224,87,Location 87
88,AVAILABLE,224,88,Location 88
89,AVAILABLE,224,89,Location 89
90,AVAILABLE,224,90,Location 90
91,AVAILABLE,224,91,Location 91
92,AVAILABLE,224,92,Location 92
93,AVAILABLE,224,93,Location 93
94,AVAILABLE,224,94,Location 94
95,AVAILABLE,224,95,Location 95
96,AVAILABLE,224,96,Location 96
97,AVAILABLE,224,97,Location 97
98,AVAILABLE,224,98,Location 98
99,AVAILABLE,224,99,Location 99
100,AVAILABLE,224,100,Location 100
1,AVAILABLE,226,1,Location 1
2,AVAILABLE,226,2,Location 2
3,AVAILABLE,226,3,Location 3
4,AVAILABLE,226,4,Location 4
5,AVAILABLE,226,5,Location 5
6,AVAILABLE,226,6,Location 6
7,AVAILABLE,226,7,Location 7
8,AVAILABLE,226,8,Location 8
9,AVAILABLE,226,9,Location 9
10,AVAILABLE,226,10,Location 10
11,AVAILABLE,226,11,Location 11
12,AVAILABLE,226,12,Location 12
13,AVAILABLE,226,13,Location 13
14,AVAILABLE,226,14,Location 14
15,AVAILABLE,226,15,Location 15
16,AVAILABLE,226,16,Location 16
17,AVAILABLE,226,17,Location 17
18,AVAILABLE,226,18,Location 18
19,AVAILABLE,226,19,Location 19
20,AVAILABLE,226,20,Location 20
21,AVAILABLE,226,21,Location 21
22,AVAILABLE,226,22,Location 22
23,AVAILABLE,226,23,Location 23
24,AVAILABLE,226,24,Location 24
25,AVAILABLE,226,25,Location 25
26,AVAILABLE,226,26,Location 26
27,AVAILABLE,226,27,Location 27
28,AVAILABLE,226,28,Location 28
29,AVAILABLE,226,29,Location 29
30,AVAILABLE,226,30,Location 30
31,AVAILABLE,226,31,Location 31
32,AVAILABLE,226,32,Location 32
33,AVAILABLE,226,33,Location 33
34,AVAILABLE,226,34,Location 34
35,AVAILABLE,226,35,Location 35
36,AVAILABLE,226,36,Location 36
37,AVAILABLE,226,37,Location 37
38,AVAILABLE,226,38,Location 38
39,AVAILABLE,226,39,Location 39
40,AVAILABLE,226,40,Location 40
41,AVAILABLE,226,41,Location 41
42,AVAILABLE,226,42,Location 42
43,AVAILABLE,226,43,Location 43
44,AVAILABLE,226,44,Location 44
45,AVAILABLE,226,45,Location 45
46,AVAILABLE,226,46,Location 46
47,AVAILABLE,226,47,Location 47
48,AVAILABLE,226,48,Location 48
49,AVAILABLE,226,49,Location 49
50,AVAILABLE,226,50,Location 50
51,AVAILABLE,226,51,Location 51
52,AVAILABLE,226,52,Location 52
53,AVAILABLE,226,53,Location 53
54,AVAILABLE,226,54,Location 54
55,AVAILABLE,226,55,Location 55
56,AVAILABLE,226,56,Location 56
57,AVAILABLE,226,57,Location 57
58,AVAILABLE,226,58,Location 58
59,AVAILABLE,226,59,Location 59
60,AVAILABLE,226,60,Location 60
61,AVAILABLE,226,61,Location 61
62,AVAILABLE,226,62,Location 62
63,AVAILABLE,226,63,Location 63
64,AVAILABLE,226,64,Location 64
65,AVAILABLE,226,65,Location 65
66,AVAILABLE,226,66,Location 66
67,AVAILABLE,226,67,Location 67
68,AVAILABLE,226,68,Location 68
69,AVAILABLE,226,69,Location 69
70,AVAILABLE,226,70,Location 70
71,AVAILABLE,226,71,Location 71
72,AVAILABLE,226,72,Location 72
73,AVAILABLE,226,73,Location 73
74,AVAILABLE,226,74,Location 74
75,AVAILABLE,226,75,Location 75
76,AVAILABLE,226,76,Location 76
77,AVAILABLE,226,77,Location 77
78,AVAILABLE,226,78,Location 78
79,AVAILABLE,226,79,Location 79
80,AVAILABLE,226,80,Location 80
81,AVAILABLE,226,81,Location 81
82,AVAILABLE,226,82,Location 82
83,AVAILABLE,226,83,Location 83
84,AVAILABLE,226,84,Location 84
85,AVAILABLE,226,85,Location 85
86,AVAILABLE,226,86,Location 86
87,AVAILABLE,226,87,Location 87
88,AVAILABLE,226,88,Location 88
89,AVAILABLE,226,89,Location 89
90,AVAILABLE,226,90,Location 90
91,AVAILABLE,226,91,Location 91
92,AVAILABLE,226,92,Location 92
93,AVAILABLE,226,93,Location 93
94,AVAILABLE,226,94,Location 94
95,AVAILABLE,226,95,Location 95
96,AVAILABLE,226,96,Location 96
97,AVAILABLE,226,97,Location 97
98,AVAILABLE,226,98,Location 98
99,AVAILABLE,226,99,Location 99
100,AVAILABLE,226,100,Location 100
1,AVAILABLE,227,1,Location 1
2,AVAILABLE,227,2,Location 2
3,AVAILABLE,227,3,Location 3
4,AVAILABLE,227,4,Location 4
5,AVAILABLE,227,5,Location 5
6,AVAILABLE,227,6,Location 6
7,AVAILABLE,227,7,Location 7
8,AVAILABLE,227,8,Location 8
9,AVAILABLE,227,9,Location 9
10,AVAILABLE,227,10,Location 10
11,AVAILABLE,227,11,Location 11
12,AVAILABLE,227,12,Location 12
13,AVAILABLE,227,13,Location 13
14,AVAILABLE,227,14,Location 14
15,AVAILABLE,227,15,Location 15
16,AVAILABLE,227,16,Location 16
17,AVAILABLE,227,17,Location 17
18,AVAILABLE,227,18,Location 18
19,AVAILABLE,227,19,Location 19
20,AVAILABLE,227,20,Location 20
21,AVAILABLE,227,21,Location 21
22,AVAILABLE,227,22,Location 22
23,AVAILABLE,227,23,Location 23
24,AVAILABLE,227,24,Location 24
25,AVAILABLE,227,25,Location 25
26,AVAILABLE,227,26,Location 26
27,AVAILABLE,227,27,Location 27
28,AVAILABLE,227,28,Location 28
29,AVAILABLE,227,29,Location 29
30,AVAILABLE,227,30,Location 30
31,AVAILABLE,227,31,Location 31
32,AVAILABLE,227,32,Location 32
33,AVAILABLE,227,33,Location 33
34,AVAILABLE,227,34,Location 34
35,AVAILABLE,227,35,Location 35
36,AVAILABLE,227,36,Location 36
37,AVAILABLE,227,37,Location 37
38,AVAILABLE,227,38,Location 38
39,AVAILABLE,227,39,Location 39
40,AVAILABLE,227,40,Location 40
41,AVAILABLE,227,41,Location 41
42,AVAILABLE,227,42,Location 42
43,AVAILABLE,227,43,Location 43
44,AVAILABLE,227,44,Location 44
45,AVAILABLE,227,45,Location 45
46,AVAILABLE,227,46,Location 46
47,AVAILABLE,227,47,Location 47
48,AVAILABLE,227,48,Location 48
49,AVAILABLE,227,49,Location 49
50,AVAILABLE,227,50,Location 50
51,AVAILABLE,227,51,Location 51
52,AVAILABLE,227,52,Location 52
53,AVAILABLE,227,53,Location 53
54,AVAILABLE,227,54,Location 54
55,AVAILABLE,227,55,Location 55
56,AVAILABLE,227,56,Location 56
57,AVAILABLE,227,57,Location 57
58,AVAILABLE,227,58,Location 58
59,AVAILABLE,227,59,Location 59
60,AVAILABLE,227,60,Location 60
61,AVAILABLE,227,61,Location 61
62,AVAILABLE,227,62,Location 62
63,AVAILABLE,227,63,Location 63
64,AVAILABLE,227,64,Location 64
65,AVAILABLE,227,65,Location 65
66,AVAILABLE,227,66,Location 66
67,AVAILABLE,227,67,Location 67
68,AVAILABLE,227,68,Location 68
69,AVAILABLE,227,69,Location 69
70,AVAILABLE,227,70,Location 70
71,AVAILABLE,227,71,Location 71
72,AVAILABLE,227,72,Location 72
73,AVAILABLE,227,73,Location 73
74,AVAILABLE,227,74,Location 74
75,AVAILABLE,227,75,Location 75
76,AVAILABLE,227,76,Location 76
77,AVAILABLE,227,77,Location 77
78,AVAILABLE,227,78,Location 78
79,AVAILABLE,227,79,Location 79
80,AVAILABLE,227,80,Location 80
81,AVAILABLE,227,81,Location 81
82,AVAILABLE,227,82,Location 82
83,AVAILABLE,227,83,Location 83
84,AVAILABLE,227,84,Location 84
85,AVAILABLE,227,85,Location 85
86,AVAILABLE,227,86,Location 86
87,AVAILABLE,227,87,Location 87
88,AVAILABLE,227,88,Location 88
89,AVAILABLE,227,89,Location 89
90,AVAILABLE,227,90,Location 90
91,AVAILABLE,227,91,Location 91
92,AVAILABLE,227,92,Location 92
93,AVAILABLE,227,93,Location 93
94,AVAILABLE,227,94,Location 94
95,AVAILABLE,227,95,Location 95
96,AVAILABLE,227,96,Location 96
97,AVAILABLE,227,97,Location 97
98,AVAILABLE,227,98,Location 98
99,AVAILABLE,227,99,Location 99
100,AVAILABLE,227,100,Location 100
1,AVAILABLE,261,1,Location 1
